id;baptism_type;baptism_year;baptism_church
1;Zimbabwe parse Customer;input Accounts;enhance Multi-channelled purple
2;Response;white SMTP;Checking Account global Steel
3;Borders Springs connecting;SAS;Planner Refined
4;engage Granite Grocery;bluetooth payment digital;Rubber Industrial seamless
5;withdrawal Jamaica;International;Luxembourg Spurs
6;empower Home Loan Account SMS;back-end Via indexing;Business-focused Canyon Orchestrator
7;frictionless orchid;Future-proofed Awesome;Creek
8;Shirt Metal;Mouse Rupiah;Human Mission
9;Officer Savings Account Automated;Pants even-keeled Chair;Brazil
10;Island cyan;Granite open architecture;Ergonomic Soft Shoes
