id;previous_register;kor_name;eng_name;birthday;gender;first_street;second_street;city;province;postal_code;cell_phone;residential_phone;email_address;profession;company_name;first_licenseplate;second_licenseplate;residence_status;duty_status;prev_church;instructor
1;mobile Fish;Home Loan Account Table Computer;Trace;2019-07-26;Metal deposit;Producer;Implementation Electronics Officer;Elliottstad;Grocery Home;Investment Account Steel;Coordinator;Common;Savings Account syndicate Planner;Refined Rubber Chicken Table;Automotive;Planner cross-platform access;Public-key;infomediaries;Investment Account;Games Regional Digitized;copy convergence
2;Mayotte;Industrial;connect Markets Chief;2019-07-26;National Awesome sky blue;Tactics;scale interactive generating;Port Earl;Faroe Islands Plastic;Car Industrial deliverables;orange Books;magenta monitor 1080p;Unbranded Plastic Tuna Frozen;generating Highway Ergonomic;moratorium moratorium;New York tangible Mississippi;Frozen bus;hard drive Robust Networked;Poland;Small partnerships;Outdoors
3;Harbor Montana;Corporate Phased relationships;white Brand Money Market Account;2019-07-26;JSON;virtual deposit;Squares mint green e-business;Lindborough;Fresh granular Direct;Profit-focused;Jewelery cutting-edge;Games;Iraq Bedfordshire;Concrete 24/7 Directives;sky blue;Kenyan Shilling robust;Versatile Exclusive Moroccan Dirham;capability zero tolerance Computers;Analyst paradigms;encompassing;deposit Canadian Dollar Lebanon
4;Designer Persistent;Handmade 24/7 Re-contextualized;web-enabled invoice withdrawal;2019-07-26;Licensed hacking installation;Argentine Peso;Kentucky Algerian Dinar Clothing;Raleighberg;deposit Sausages;disintermediate Cambridgeshire hacking;bricks-and-clicks Concrete Global;Fiji Dollar Profound Bacon;Macao Equatorial Guinea Vision-oriented;Agent;Human deposit;even-keeled Saint Helena Pound;Internal AI optical;bypassing Marketing;Dynamic Home Loan Account Tools;Branding;Home Gloves Latvia
5;Ports Manager Fish;Networked;Fish;2019-07-26;program alarm;Nevada;Berkshire;Dimitriberg;Wisconsin;target Human withdrawal;dot-com payment Libyan Dinar;white sensor local;calculate;Chips;Villages uniform PCI;Automotive Tactics architectures;Wisconsin Facilitator Incredible;reinvent;eco-centric Bedfordshire mesh;Configuration UIC-Franc;Ergonomic Concrete Soap Zambian Kwacha
6;Concrete Bedfordshire;portal calculating Metal;real-time discrete redundant;2019-07-26;HDD;Sleek Beauty Auto Loan Account;deposit;Graciefort;Human;Tools California;North Dakota Garden;Towels Specialist;Utah Computers Small Fresh Gloves;Brunei Darussalam interface;compress lavender Investment Account;backing up;Iran;Philippine Peso Metal;Strategist;card Licensed Cotton Ball;mindshare Gorgeous
7;Chips;navigating;Som Rustic Frozen Keyboard ROI;2019-07-26;Handmade Tuna;motivating Operations alarm;e-markets system;East Kennethborough;hack;leading-edge;Ergonomic Steel Gloves;Developer Shoes Music;Buckinghamshire Hollow Shoes;withdrawal Generic Frozen Tuna;Gorgeous Cotton Chair Personal Loan Account Borders;Norfolk Island Chilean Peso Unidades de fomento Checking Account;invoice Outdoors New York;multi-byte Jamaican Dollar North Carolina;Station;parsing Investment Account;Branding Dynamic black
8;yellow;Books Generic;robust withdrawal generate;2019-07-26;wireless;hybrid;Solomon Islands Dollar;New Trent;Handmade Cotton Bacon Specialist China;quantify multi-byte;interface Cotton Robust;user-centric Infrastructure;Managed Dobra application;Fantastic;Liechtenstein Buckinghamshire monetize;Direct;Small Frozen Salad bypassing;time-frame Quality;Borders Borders Practical;methodical;Pakistan
9;parse;neural Wooden Optimization;Tasty Rubber Car mindshare EXE;2019-07-26;Frozen Metal program;SDD bypassing;Algerian Dinar Fantastic Fresh Salad;Cadenton;Intelligent Planner;PCI SAS;Interactions;Pennsylvania dynamic bandwidth;navigate Oklahoma;Triple-buffered array;Bedfordshire Tools;Arizona hack;Fresh payment synthesize;Versatile seize;asymmetric EXE;web services;Industrial Designer Incredible Fresh Car
10;Principal Senior;Paraguay;Sleek Tuna magenta;2019-07-26;Orchestrator Naira;Legacy Unbranded Plastic Chips;Unbranded Cotton Table Generic B2B;East Lurlineview;one-to-one Indiana;holistic;Architect;Beauty dynamic schemas;Pound Sterling Keyboard;Licensed Usability models;Personal Loan Account markets;SCSI Aruba Chair;drive online;Liaison engage navigate;Assistant generating;Practical Steel Shirt Plastic Movies;SMS
